{"cameraMode":{"drawMode":0,"name":"Shaded","section":"Shading Mode"},"sceneLighting":false,"audioPlay":false,"sceneViewState":{"showFog":true,"showMaterialUpdate":false,"showSkybox":false,"showFlares":true,"showImageEffects":true,"showParticleSystems":true},"in2DMode":false,"pivot":{"x":4.620981216430664,"y":-0.8435354232788086,"z":4.262592792510986},"rotation":{"x":0.11994816362857819,"y":0.7677437663078308,"z":-0.15068764984607697,"w":0.6111268401145935},"size":8.347576141357422,"orthographic":false}