{"cameraMode":{"drawMode":0,"name":"Shaded","section":"Shading Mode"},"sceneLighting":true,"audioPlay":false,"sceneViewState":{"m_AlwaysRefresh":false,"showFog":true,"showSkybox":true,"showFlares":true,"showImageEffects":true,"showParticleSystems":true,"showVisualEffectGraphs":true,"m_FxEnabled":true},"in2DMode":false,"pivot":{"x":104.53083038330078,"y":-40.593963623046878,"z":47.550025939941409},"rotation":{"x":0.17520934343338014,"y":0.5785772204399109,"z":-0.12896983325481416,"w":0.786092221736908},"size":102.7835922241211,"orthographic":false}